path,label,variant,width,height
cards\3m\original.png,3m,original,224,224
cards\3m\grayscale.png,3m,grayscale,224,224
cards\3m\bright.png,3m,bright,224,224
cards\3m\combo.png,3m,combo,224,224
cards\archerqueen\original.png,archerqueen,original,224,224
cards\archerqueen\grayscale.png,archerqueen,grayscale,224,224
cards\archerqueen\bright.png,archerqueen,bright,224,224
cards\archerqueen\combo.png,archerqueen,combo,224,224
cards\archers\original.png,archers,original,224,224
cards\archers\grayscale.png,archers,grayscale,224,224
cards\archers\bright.png,archers,bright,224,224
cards\archers\combo.png,archers,combo,224,224
cards\arrows\original.png,arrows,original,224,224
cards\arrows\grayscale.png,arrows,grayscale,224,224
cards\arrows\bright.png,arrows,bright,224,224
cards\arrows\combo.png,arrows,combo,224,224
cards\babyd\original.png,babyd,original,224,224
cards\babyd\grayscale.png,babyd,grayscale,224,224
cards\babyd\bright.png,babyd,bright,224,224
cards\babyd\combo.png,babyd,combo,224,224
cards\balloon\original.png,balloon,original,224,224
cards\balloon\grayscale.png,balloon,grayscale,224,224
cards\balloon\bright.png,balloon,bright,224,224
cards\balloon\combo.png,balloon,combo,224,224
cards\bandit\original.png,bandit,original,224,224
cards\bandit\grayscale.png,bandit,grayscale,224,224
cards\bandit\bright.png,bandit,bright,224,224
cards\bandit\combo.png,bandit,combo,224,224
cards\barbbarrel\original.png,barbbarrel,original,224,224
cards\barbbarrel\grayscale.png,barbbarrel,grayscale,224,224
cards\barbbarrel\bright.png,barbbarrel,bright,224,224
cards\barbbarrel\combo.png,barbbarrel,combo,224,224
cards\barbhut\original.png,barbhut,original,224,224
cards\barbhut\grayscale.png,barbhut,grayscale,224,224
cards\barbhut\bright.png,barbhut,bright,224,224
cards\barbhut\combo.png,barbhut,combo,224,224
cards\barbs\original.png,barbs,original,224,224
cards\barbs\grayscale.png,barbs,grayscale,224,224
cards\barbs\bright.png,barbs,bright,224,224
cards\barbs\combo.png,barbs,combo,224,224
cards\barrel\original.png,barrel,original,224,224
cards\barrel\grayscale.png,barrel,grayscale,224,224
cards\barrel\bright.png,barrel,bright,224,224
cards\barrel\combo.png,barrel,combo,224,224
cards\bats\original.png,bats,original,224,224
cards\bats\grayscale.png,bats,grayscale,224,224
cards\bats\bright.png,bats,bright,224,224
cards\bats\combo.png,bats,combo,224,224
cards\battlehealer\original.png,battlehealer,original,224,224
cards\battlehealer\grayscale.png,battlehealer,grayscale,224,224
cards\battlehealer\bright.png,battlehealer,bright,224,224
cards\battlehealer\combo.png,battlehealer,combo,224,224
cards\berserker\original.png,berserker,original,224,224
cards\berserker\grayscale.png,berserker,grayscale,224,224
cards\berserker\bright.png,berserker,bright,224,224
cards\berserker\combo.png,berserker,combo,224,224
cards\bomber\original.png,bomber,original,224,224
cards\bomber\grayscale.png,bomber,grayscale,224,224
cards\bomber\bright.png,bomber,bright,224,224
cards\bomber\combo.png,bomber,combo,224,224
cards\bombtower\original.png,bombtower,original,224,224
cards\bombtower\grayscale.png,bombtower,grayscale,224,224
cards\bombtower\bright.png,bombtower,bright,224,224
cards\bombtower\combo.png,bombtower,combo,224,224
cards\bossbandit\original.png,bossbandit,original,224,224
cards\bossbandit\grayscale.png,bossbandit,grayscale,224,224
cards\bossbandit\bright.png,bossbandit,bright,224,224
cards\bossbandit\combo.png,bossbandit,combo,224,224
cards\bowler\original.png,bowler,original,224,224
cards\bowler\grayscale.png,bowler,grayscale,224,224
cards\bowler\bright.png,bowler,bright,224,224
cards\bowler\combo.png,bowler,combo,224,224
cards\cannon\original.png,cannon,original,224,224
cards\cannon\grayscale.png,cannon,grayscale,224,224
cards\cannon\bright.png,cannon,bright,224,224
cards\cannon\combo.png,cannon,combo,224,224
cards\cannoncart\original.png,cannoncart,original,224,224
cards\cannoncart\grayscale.png,cannoncart,grayscale,224,224
cards\cannoncart\bright.png,cannoncart,bright,224,224
cards\cannoncart\combo.png,cannoncart,combo,224,224
cards\clone\original.png,clone,original,224,224
cards\clone\grayscale.png,clone,grayscale,224,224
cards\clone\bright.png,clone,bright,224,224
cards\clone\combo.png,clone,combo,224,224
cards\darkprince\original.png,darkprince,original,224,224
cards\darkprince\grayscale.png,darkprince,grayscale,224,224
cards\darkprince\bright.png,darkprince,bright,224,224
cards\darkprince\combo.png,darkprince,combo,224,224
cards\dartgob\original.png,dartgob,original,224,224
cards\dartgob\grayscale.png,dartgob,grayscale,224,224
cards\dartgob\bright.png,dartgob,bright,224,224
cards\dartgob\combo.png,dartgob,combo,224,224
cards\earthquake\original.png,earthquake,original,224,224
cards\earthquake\grayscale.png,earthquake,grayscale,224,224
cards\earthquake\bright.png,earthquake,bright,224,224
cards\earthquake\combo.png,earthquake,combo,224,224
cards\ebarbs\original.png,ebarbs,original,224,224
cards\ebarbs\grayscale.png,ebarbs,grayscale,224,224
cards\ebarbs\bright.png,ebarbs,bright,224,224
cards\ebarbs\combo.png,ebarbs,combo,224,224
cards\edragon\original.png,edragon,original,224,224
cards\edragon\grayscale.png,edragon,grayscale,224,224
cards\edragon\bright.png,edragon,bright,224,224
cards\edragon\combo.png,edragon,combo,224,224
cards\electrogiant\original.png,electrogiant,original,224,224
cards\electrogiant\grayscale.png,electrogiant,grayscale,224,224
cards\electrogiant\bright.png,electrogiant,bright,224,224
cards\electrogiant\combo.png,electrogiant,combo,224,224
cards\electrospirit\original.png,electrospirit,original,224,224
cards\electrospirit\grayscale.png,electrospirit,grayscale,224,224
cards\electrospirit\bright.png,electrospirit,bright,224,224
cards\electrospirit\combo.png,electrospirit,combo,224,224
cards\elixirdrop\original.png,elixirdrop,original,224,224
cards\elixirdrop\grayscale.png,elixirdrop,grayscale,224,224
cards\elixirdrop\bright.png,elixirdrop,bright,224,224
cards\elixirdrop\combo.png,elixirdrop,combo,224,224
cards\elixirgolem\original.png,elixirgolem,original,224,224
cards\elixirgolem\grayscale.png,elixirgolem,grayscale,224,224
cards\elixirgolem\bright.png,elixirgolem,bright,224,224
cards\elixirgolem\combo.png,elixirgolem,combo,224,224
cards\evo_archers\original.png,evo_archers,original,224,224
cards\evo_archers\grayscale.png,evo_archers,grayscale,224,224
cards\evo_archers\bright.png,evo_archers,bright,224,224
cards\evo_archers\combo.png,evo_archers,combo,224,224
cards\evo_babyd\original.png,evo_babyd,original,224,224
cards\evo_babyd\grayscale.png,evo_babyd,grayscale,224,224
cards\evo_babyd\bright.png,evo_babyd,bright,224,224
cards\evo_babyd\combo.png,evo_babyd,combo,224,224
cards\evo_barbs\original.png,evo_barbs,original,224,224
cards\evo_barbs\grayscale.png,evo_barbs,grayscale,224,224
cards\evo_barbs\bright.png,evo_barbs,bright,224,224
cards\evo_barbs\combo.png,evo_barbs,combo,224,224
cards\evo_barrel\original.png,evo_barrel,original,224,224
cards\evo_barrel\grayscale.png,evo_barrel,grayscale,224,224
cards\evo_barrel\bright.png,evo_barrel,bright,224,224
cards\evo_barrel\combo.png,evo_barrel,combo,224,224
cards\evo_bats\original.png,evo_bats,original,224,224
cards\evo_bats\grayscale.png,evo_bats,grayscale,224,224
cards\evo_bats\bright.png,evo_bats,bright,224,224
cards\evo_bats\combo.png,evo_bats,combo,224,224
cards\evo_bomber\original.png,evo_bomber,original,224,224
cards\evo_bomber\grayscale.png,evo_bomber,grayscale,224,224
cards\evo_bomber\bright.png,evo_bomber,bright,224,224
cards\evo_bomber\combo.png,evo_bomber,combo,224,224
cards\evo_cannon\original.png,evo_cannon,original,224,224
cards\evo_cannon\grayscale.png,evo_cannon,grayscale,224,224
cards\evo_cannon\bright.png,evo_cannon,bright,224,224
cards\evo_cannon\combo.png,evo_cannon,combo,224,224
cards\evo_dartgob\original.png,evo_dartgob,original,224,224
cards\evo_dartgob\grayscale.png,evo_dartgob,grayscale,224,224
cards\evo_dartgob\bright.png,evo_dartgob,bright,224,224
cards\evo_dartgob\combo.png,evo_dartgob,combo,224,224
cards\evo_edragon\original.png,evo_edragon,original,224,224
cards\evo_edragon\grayscale.png,evo_edragon,grayscale,224,224
cards\evo_edragon\bright.png,evo_edragon,bright,224,224
cards\evo_edragon\combo.png,evo_edragon,combo,224,224
cards\evo_exe\original.png,evo_exe,original,224,224
cards\evo_exe\grayscale.png,evo_exe,grayscale,224,224
cards\evo_exe\bright.png,evo_exe,bright,224,224
cards\evo_exe\combo.png,evo_exe,combo,224,224
cards\evo_firecracker\original.png,evo_firecracker,original,224,224
cards\evo_firecracker\grayscale.png,evo_firecracker,grayscale,224,224
cards\evo_firecracker\bright.png,evo_firecracker,bright,224,224
cards\evo_firecracker\combo.png,evo_firecracker,combo,224,224
cards\evo_furnace\original.png,evo_furnace,original,224,224
cards\evo_furnace\grayscale.png,evo_furnace,grayscale,224,224
cards\evo_furnace\bright.png,evo_furnace,bright,224,224
cards\evo_furnace\combo.png,evo_furnace,combo,224,224
cards\evo_ghost\original.png,evo_ghost,original,224,224
cards\evo_ghost\grayscale.png,evo_ghost,grayscale,224,224
cards\evo_ghost\bright.png,evo_ghost,bright,224,224
cards\evo_ghost\combo.png,evo_ghost,combo,224,224
cards\evo_gobgiant\original.png,evo_gobgiant,original,224,224
cards\evo_gobgiant\grayscale.png,evo_gobgiant,grayscale,224,224
cards\evo_gobgiant\bright.png,evo_gobgiant,bright,224,224
cards\evo_gobgiant\combo.png,evo_gobgiant,combo,224,224
cards\evo_goblincage\original.png,evo_goblincage,original,224,224
cards\evo_goblincage\grayscale.png,evo_goblincage,grayscale,224,224
cards\evo_goblincage\bright.png,evo_goblincage,bright,224,224
cards\evo_goblincage\combo.png,evo_goblincage,combo,224,224
cards\evo_goblindrill\original.png,evo_goblindrill,original,224,224
cards\evo_goblindrill\grayscale.png,evo_goblindrill,grayscale,224,224
cards\evo_goblindrill\bright.png,evo_goblindrill,bright,224,224
cards\evo_goblindrill\combo.png,evo_goblindrill,combo,224,224
cards\evo_hunter\original.png,evo_hunter,original,224,224
cards\evo_hunter\grayscale.png,evo_hunter,grayscale,224,224
cards\evo_hunter\bright.png,evo_hunter,bright,224,224
cards\evo_hunter\combo.png,evo_hunter,combo,224,224
cards\evo_icespirit\original.png,evo_icespirit,original,224,224
cards\evo_icespirit\grayscale.png,evo_icespirit,grayscale,224,224
cards\evo_icespirit\bright.png,evo_icespirit,bright,224,224
cards\evo_icespirit\combo.png,evo_icespirit,combo,224,224
cards\evo_infernod\original.png,evo_infernod,original,224,224
cards\evo_infernod\grayscale.png,evo_infernod,grayscale,224,224
cards\evo_infernod\bright.png,evo_infernod,bright,224,224
cards\evo_infernod\combo.png,evo_infernod,combo,224,224
cards\evo_knight\original.png,evo_knight,original,224,224
cards\evo_knight\grayscale.png,evo_knight,grayscale,224,224
cards\evo_knight\bright.png,evo_knight,bright,224,224
cards\evo_knight\combo.png,evo_knight,combo,224,224
cards\evo_lumber\original.png,evo_lumber,original,224,224
cards\evo_lumber\grayscale.png,evo_lumber,grayscale,224,224
cards\evo_lumber\bright.png,evo_lumber,bright,224,224
cards\evo_lumber\combo.png,evo_lumber,combo,224,224
cards\evo_megaknight\original.png,evo_megaknight,original,224,224
cards\evo_megaknight\grayscale.png,evo_megaknight,grayscale,224,224
cards\evo_megaknight\bright.png,evo_megaknight,bright,224,224
cards\evo_megaknight\combo.png,evo_megaknight,combo,224,224
cards\evo_mortar\original.png,evo_mortar,original,224,224
cards\evo_mortar\grayscale.png,evo_mortar,grayscale,224,224
cards\evo_mortar\bright.png,evo_mortar,bright,224,224
cards\evo_mortar\combo.png,evo_mortar,combo,224,224
cards\evo_musk\original.png,evo_musk,original,224,224
cards\evo_musk\grayscale.png,evo_musk,grayscale,224,224
cards\evo_musk\bright.png,evo_musk,bright,224,224
cards\evo_musk\combo.png,evo_musk,combo,224,224
cards\evo_pekka\original.png,evo_pekka,original,224,224
cards\evo_pekka\grayscale.png,evo_pekka,grayscale,224,224
cards\evo_pekka\bright.png,evo_pekka,bright,224,224
cards\evo_pekka\combo.png,evo_pekka,combo,224,224
cards\evo_ram\original.png,evo_ram,original,224,224
cards\evo_ram\grayscale.png,evo_ram,grayscale,224,224
cards\evo_ram\bright.png,evo_ram,bright,224,224
cards\evo_ram\combo.png,evo_ram,combo,224,224
cards\evo_rg\original.png,evo_rg,original,224,224
cards\evo_rg\grayscale.png,evo_rg,grayscale,224,224
cards\evo_rg\bright.png,evo_rg,bright,224,224
cards\evo_rg\combo.png,evo_rg,combo,224,224
cards\evo_royalrecruits\original.png,evo_royalrecruits,original,224,224
cards\evo_royalrecruits\grayscale.png,evo_royalrecruits,grayscale,224,224
cards\evo_royalrecruits\bright.png,evo_royalrecruits,bright,224,224
cards\evo_royalrecruits\combo.png,evo_royalrecruits,combo,224,224
cards\evo_skarmy\original.png,evo_skarmy,original,224,224
cards\evo_skarmy\grayscale.png,evo_skarmy,grayscale,224,224
cards\evo_skarmy\bright.png,evo_skarmy,bright,224,224
cards\evo_skarmy\combo.png,evo_skarmy,combo,224,224
cards\evo_skellies\original.png,evo_skellies,original,224,224
cards\evo_skellies\grayscale.png,evo_skellies,grayscale,224,224
cards\evo_skellies\bright.png,evo_skellies,bright,224,224
cards\evo_skellies\combo.png,evo_skellies,combo,224,224
cards\evo_skellybarrel\original.png,evo_skellybarrel,original,224,224
cards\evo_skellybarrel\grayscale.png,evo_skellybarrel,grayscale,224,224
cards\evo_skellybarrel\bright.png,evo_skellybarrel,bright,224,224
cards\evo_skellybarrel\combo.png,evo_skellybarrel,combo,224,224
cards\evo_snowball\original.png,evo_snowball,original,224,224
cards\evo_snowball\grayscale.png,evo_snowball,grayscale,224,224
cards\evo_snowball\bright.png,evo_snowball,bright,224,224
cards\evo_snowball\combo.png,evo_snowball,combo,224,224
cards\evo_tesla\original.png,evo_tesla,original,224,224
cards\evo_tesla\grayscale.png,evo_tesla,grayscale,224,224
cards\evo_tesla\bright.png,evo_tesla,bright,224,224
cards\evo_tesla\combo.png,evo_tesla,combo,224,224
cards\evo_valk\original.png,evo_valk,original,224,224
cards\evo_valk\grayscale.png,evo_valk,grayscale,224,224
cards\evo_valk\bright.png,evo_valk,bright,224,224
cards\evo_valk\combo.png,evo_valk,combo,224,224
cards\evo_wallbreakers\original.png,evo_wallbreakers,original,224,224
cards\evo_wallbreakers\grayscale.png,evo_wallbreakers,grayscale,224,224
cards\evo_wallbreakers\bright.png,evo_wallbreakers,bright,224,224
cards\evo_wallbreakers\combo.png,evo_wallbreakers,combo,224,224
cards\evo_witch\original.png,evo_witch,original,224,224
cards\evo_witch\grayscale.png,evo_witch,grayscale,224,224
cards\evo_witch\bright.png,evo_witch,bright,224,224
cards\evo_witch\combo.png,evo_witch,combo,224,224
cards\evo_wiz\original.png,evo_wiz,original,224,224
cards\evo_wiz\grayscale.png,evo_wiz,grayscale,224,224
cards\evo_wiz\bright.png,evo_wiz,bright,224,224
cards\evo_wiz\combo.png,evo_wiz,combo,224,224
cards\evo_zap\original.png,evo_zap,original,224,224
cards\evo_zap\grayscale.png,evo_zap,grayscale,224,224
cards\evo_zap\bright.png,evo_zap,bright,224,224
cards\evo_zap\combo.png,evo_zap,combo,224,224
cards\ewiz\original.png,ewiz,original,224,224
cards\ewiz\grayscale.png,ewiz,grayscale,224,224
cards\ewiz\bright.png,ewiz,bright,224,224
cards\ewiz\combo.png,ewiz,combo,224,224
cards\exe\original.png,exe,original,224,224
cards\exe\grayscale.png,exe,grayscale,224,224
cards\exe\bright.png,exe,bright,224,224
cards\exe\combo.png,exe,combo,224,224
cards\fireball\original.png,fireball,original,224,224
cards\fireball\grayscale.png,fireball,grayscale,224,224
cards\fireball\bright.png,fireball,bright,224,224
cards\fireball\combo.png,fireball,combo,224,224
cards\firecracker\original.png,firecracker,original,224,224
cards\firecracker\grayscale.png,firecracker,grayscale,224,224
cards\firecracker\bright.png,firecracker,bright,224,224
cards\firecracker\combo.png,firecracker,combo,224,224
cards\firespirit\original.png,firespirit,original,224,224
cards\firespirit\grayscale.png,firespirit,grayscale,224,224
cards\firespirit\bright.png,firespirit,bright,224,224
cards\firespirit\combo.png,firespirit,combo,224,224
cards\fisherman\original.png,fisherman,original,224,224
cards\fisherman\grayscale.png,fisherman,grayscale,224,224
cards\fisherman\bright.png,fisherman,bright,224,224
cards\fisherman\combo.png,fisherman,combo,224,224
cards\flyingmachine\original.png,flyingmachine,original,224,224
cards\flyingmachine\grayscale.png,flyingmachine,grayscale,224,224
cards\flyingmachine\bright.png,flyingmachine,bright,224,224
cards\flyingmachine\combo.png,flyingmachine,combo,224,224
cards\freeze\original.png,freeze,original,224,224
cards\freeze\grayscale.png,freeze,grayscale,224,224
cards\freeze\bright.png,freeze,bright,224,224
cards\freeze\combo.png,freeze,combo,224,224
cards\furnace\original.png,furnace,original,224,224
cards\furnace\grayscale.png,furnace,grayscale,224,224
cards\furnace\bright.png,furnace,bright,224,224
cards\furnace\combo.png,furnace,combo,224,224
cards\ghost\original.png,ghost,original,224,224
cards\ghost\grayscale.png,ghost,grayscale,224,224
cards\ghost\bright.png,ghost,bright,224,224
cards\ghost\combo.png,ghost,combo,224,224
cards\giant\original.png,giant,original,224,224
cards\giant\grayscale.png,giant,grayscale,224,224
cards\giant\bright.png,giant,bright,224,224
cards\giant\combo.png,giant,combo,224,224
cards\giantskelly\original.png,giantskelly,original,224,224
cards\giantskelly\grayscale.png,giantskelly,grayscale,224,224
cards\giantskelly\bright.png,giantskelly,bright,224,224
cards\giantskelly\combo.png,giantskelly,combo,224,224
cards\gobgang\original.png,gobgang,original,224,224
cards\gobgang\grayscale.png,gobgang,grayscale,224,224
cards\gobgang\bright.png,gobgang,bright,224,224
cards\gobgang\combo.png,gobgang,combo,224,224
cards\gobgiant\original.png,gobgiant,original,224,224
cards\gobgiant\grayscale.png,gobgiant,grayscale,224,224
cards\gobgiant\bright.png,gobgiant,bright,224,224
cards\gobgiant\combo.png,gobgiant,combo,224,224
cards\gobhut\original.png,gobhut,original,224,224
cards\gobhut\grayscale.png,gobhut,grayscale,224,224
cards\gobhut\bright.png,gobhut,bright,224,224
cards\gobhut\combo.png,gobhut,combo,224,224
cards\goblincage\original.png,goblincage,original,224,224
cards\goblincage\grayscale.png,goblincage,grayscale,224,224
cards\goblincage\bright.png,goblincage,bright,224,224
cards\goblincage\combo.png,goblincage,combo,224,224
cards\goblincurse\original.png,goblincurse,original,224,224
cards\goblincurse\grayscale.png,goblincurse,grayscale,224,224
cards\goblincurse\bright.png,goblincurse,bright,224,224
cards\goblincurse\combo.png,goblincurse,combo,224,224
cards\goblindemolisher\original.png,goblindemolisher,original,224,224
cards\goblindemolisher\grayscale.png,goblindemolisher,grayscale,224,224
cards\goblindemolisher\bright.png,goblindemolisher,bright,224,224
cards\goblindemolisher\combo.png,goblindemolisher,combo,224,224
cards\goblindrill\original.png,goblindrill,original,224,224
cards\goblindrill\grayscale.png,goblindrill,grayscale,224,224
cards\goblindrill\bright.png,goblindrill,bright,224,224
cards\goblindrill\combo.png,goblindrill,combo,224,224
cards\goblinmachine\original.png,goblinmachine,original,224,224
cards\goblinmachine\grayscale.png,goblinmachine,grayscale,224,224
cards\goblinmachine\bright.png,goblinmachine,bright,224,224
cards\goblinmachine\combo.png,goblinmachine,combo,224,224
cards\goblinstein\original.png,goblinstein,original,224,224
cards\goblinstein\grayscale.png,goblinstein,grayscale,224,224
cards\goblinstein\bright.png,goblinstein,bright,224,224
cards\goblinstein\combo.png,goblinstein,combo,224,224
cards\gobs\original.png,gobs,original,224,224
cards\gobs\grayscale.png,gobs,grayscale,224,224
cards\gobs\bright.png,gobs,bright,224,224
cards\gobs\combo.png,gobs,combo,224,224
cards\goldenknight\original.png,goldenknight,original,224,224
cards\goldenknight\grayscale.png,goldenknight,grayscale,224,224
cards\goldenknight\bright.png,goldenknight,bright,224,224
cards\goldenknight\combo.png,goldenknight,combo,224,224
cards\golem\original.png,golem,original,224,224
cards\golem\grayscale.png,golem,grayscale,224,224
cards\golem\bright.png,golem,bright,224,224
cards\golem\combo.png,golem,combo,224,224
cards\graveyard\original.png,graveyard,original,224,224
cards\graveyard\grayscale.png,graveyard,grayscale,224,224
cards\graveyard\bright.png,graveyard,bright,224,224
cards\graveyard\combo.png,graveyard,combo,224,224
cards\guards\original.png,guards,original,224,224
cards\guards\grayscale.png,guards,grayscale,224,224
cards\guards\bright.png,guards,bright,224,224
cards\guards\combo.png,guards,combo,224,224
cards\healspirit\original.png,healspirit,original,224,224
cards\healspirit\grayscale.png,healspirit,grayscale,224,224
cards\healspirit\bright.png,healspirit,bright,224,224
cards\healspirit\combo.png,healspirit,combo,224,224
cards\hog\original.png,hog,original,224,224
cards\hog\grayscale.png,hog,grayscale,224,224
cards\hog\bright.png,hog,bright,224,224
cards\hog\combo.png,hog,combo,224,224
cards\horde\original.png,horde,original,224,224
cards\horde\grayscale.png,horde,grayscale,224,224
cards\horde\bright.png,horde,bright,224,224
cards\horde\combo.png,horde,combo,224,224
cards\hunter\original.png,hunter,original,224,224
cards\hunter\grayscale.png,hunter,grayscale,224,224
cards\hunter\bright.png,hunter,bright,224,224
cards\hunter\combo.png,hunter,combo,224,224
cards\icegolem\original.png,icegolem,original,224,224
cards\icegolem\grayscale.png,icegolem,grayscale,224,224
cards\icegolem\bright.png,icegolem,bright,224,224
cards\icegolem\combo.png,icegolem,combo,224,224
cards\icespirit\original.png,icespirit,original,224,224
cards\icespirit\grayscale.png,icespirit,grayscale,224,224
cards\icespirit\bright.png,icespirit,bright,224,224
cards\icespirit\combo.png,icespirit,combo,224,224
cards\icewiz\original.png,icewiz,original,224,224
cards\icewiz\grayscale.png,icewiz,grayscale,224,224
cards\icewiz\bright.png,icewiz,bright,224,224
cards\icewiz\combo.png,icewiz,combo,224,224
cards\inferno\original.png,inferno,original,224,224
cards\inferno\grayscale.png,inferno,grayscale,224,224
cards\inferno\bright.png,inferno,bright,224,224
cards\inferno\combo.png,inferno,combo,224,224
cards\infernod\original.png,infernod,original,224,224
cards\infernod\grayscale.png,infernod,grayscale,224,224
cards\infernod\bright.png,infernod,bright,224,224
cards\infernod\combo.png,infernod,combo,224,224
cards\knight\original.png,knight,original,224,224
cards\knight\grayscale.png,knight,grayscale,224,224
cards\knight\bright.png,knight,bright,224,224
cards\knight\combo.png,knight,combo,224,224
cards\lava\original.png,lava,original,224,224
cards\lava\grayscale.png,lava,grayscale,224,224
cards\lava\bright.png,lava,bright,224,224
cards\lava\combo.png,lava,combo,224,224
cards\lightning\original.png,lightning,original,224,224
cards\lightning\grayscale.png,lightning,grayscale,224,224
cards\lightning\bright.png,lightning,bright,224,224
cards\lightning\combo.png,lightning,combo,224,224
cards\littleprince\original.png,littleprince,original,224,224
cards\littleprince\grayscale.png,littleprince,grayscale,224,224
cards\littleprince\bright.png,littleprince,bright,224,224
cards\littleprince\combo.png,littleprince,combo,224,224
cards\log\original.png,log,original,224,224
cards\log\grayscale.png,log,grayscale,224,224
cards\log\bright.png,log,bright,224,224
cards\log\combo.png,log,combo,224,224
cards\lumber\original.png,lumber,original,224,224
cards\lumber\grayscale.png,lumber,grayscale,224,224
cards\lumber\bright.png,lumber,bright,224,224
cards\lumber\combo.png,lumber,combo,224,224
cards\magicarcher\original.png,magicarcher,original,224,224
cards\magicarcher\grayscale.png,magicarcher,grayscale,224,224
cards\magicarcher\bright.png,magicarcher,bright,224,224
cards\magicarcher\combo.png,magicarcher,combo,224,224
cards\megaknight\original.png,megaknight,original,224,224
cards\megaknight\grayscale.png,megaknight,grayscale,224,224
cards\megaknight\bright.png,megaknight,bright,224,224
cards\megaknight\combo.png,megaknight,combo,224,224
cards\mightyminer\original.png,mightyminer,original,224,224
cards\mightyminer\grayscale.png,mightyminer,grayscale,224,224
cards\mightyminer\bright.png,mightyminer,bright,224,224
cards\mightyminer\combo.png,mightyminer,combo,224,224
cards\miner\original.png,miner,original,224,224
cards\miner\grayscale.png,miner,grayscale,224,224
cards\miner\bright.png,miner,bright,224,224
cards\miner\combo.png,miner,combo,224,224
cards\minions\original.png,minions,original,224,224
cards\minions\grayscale.png,minions,grayscale,224,224
cards\minions\bright.png,minions,bright,224,224
cards\minions\combo.png,minions,combo,224,224
cards\mm\original.png,mm,original,224,224
cards\mm\grayscale.png,mm,grayscale,224,224
cards\mm\bright.png,mm,bright,224,224
cards\mm\combo.png,mm,combo,224,224
cards\monk\original.png,monk,original,224,224
cards\monk\grayscale.png,monk,grayscale,224,224
cards\monk\bright.png,monk,bright,224,224
cards\monk\combo.png,monk,combo,224,224
cards\mortar\original.png,mortar,original,224,224
cards\mortar\grayscale.png,mortar,grayscale,224,224
cards\mortar\bright.png,mortar,bright,224,224
cards\mortar\combo.png,mortar,combo,224,224
cards\motherwitch\original.png,motherwitch,original,224,224
cards\motherwitch\grayscale.png,motherwitch,grayscale,224,224
cards\motherwitch\bright.png,motherwitch,bright,224,224
cards\motherwitch\combo.png,motherwitch,combo,224,224
cards\mp\original.png,mp,original,224,224
cards\mp\grayscale.png,mp,grayscale,224,224
cards\mp\bright.png,mp,bright,224,224
cards\mp\combo.png,mp,combo,224,224
cards\musk\original.png,musk,original,224,224
cards\musk\grayscale.png,musk,grayscale,224,224
cards\musk\bright.png,musk,bright,224,224
cards\musk\combo.png,musk,combo,224,224
cards\nightwitch\original.png,nightwitch,original,224,224
cards\nightwitch\grayscale.png,nightwitch,grayscale,224,224
cards\nightwitch\bright.png,nightwitch,bright,224,224
cards\nightwitch\combo.png,nightwitch,combo,224,224
cards\pekka\original.png,pekka,original,224,224
cards\pekka\grayscale.png,pekka,grayscale,224,224
cards\pekka\bright.png,pekka,bright,224,224
cards\pekka\combo.png,pekka,combo,224,224
cards\phoenix\original.png,phoenix,original,224,224
cards\phoenix\grayscale.png,phoenix,grayscale,224,224
cards\phoenix\bright.png,phoenix,bright,224,224
cards\phoenix\combo.png,phoenix,combo,224,224
cards\poison\original.png,poison,original,224,224
cards\poison\grayscale.png,poison,grayscale,224,224
cards\poison\bright.png,poison,bright,224,224
cards\poison\combo.png,poison,combo,224,224
cards\prince\original.png,prince,original,224,224
cards\prince\grayscale.png,prince,grayscale,224,224
cards\prince\bright.png,prince,bright,224,224
cards\prince\combo.png,prince,combo,224,224
cards\princess\original.png,princess,original,224,224
cards\princess\grayscale.png,princess,grayscale,224,224
cards\princess\bright.png,princess,bright,224,224
cards\princess\combo.png,princess,combo,224,224
cards\pump\original.png,pump,original,224,224
cards\pump\grayscale.png,pump,grayscale,224,224
cards\pump\bright.png,pump,bright,224,224
cards\pump\combo.png,pump,combo,224,224
cards\rage\original.png,rage,original,224,224
cards\rage\grayscale.png,rage,grayscale,224,224
cards\rage\bright.png,rage,bright,224,224
cards\rage\combo.png,rage,combo,224,224
cards\ram\original.png,ram,original,224,224
cards\ram\grayscale.png,ram,grayscale,224,224
cards\ram\bright.png,ram,bright,224,224
cards\ram\combo.png,ram,combo,224,224
cards\ramrider\original.png,ramrider,original,224,224
cards\ramrider\grayscale.png,ramrider,grayscale,224,224
cards\ramrider\bright.png,ramrider,bright,224,224
cards\ramrider\combo.png,ramrider,combo,224,224
cards\rascals\original.png,rascals,original,224,224
cards\rascals\grayscale.png,rascals,grayscale,224,224
cards\rascals\bright.png,rascals,bright,224,224
cards\rascals\combo.png,rascals,combo,224,224
cards\rg\original.png,rg,original,224,224
cards\rg\grayscale.png,rg,grayscale,224,224
cards\rg\bright.png,rg,bright,224,224
cards\rg\combo.png,rg,combo,224,224
cards\rocket\original.png,rocket,original,224,224
cards\rocket\grayscale.png,rocket,grayscale,224,224
cards\rocket\bright.png,rocket,bright,224,224
cards\rocket\combo.png,rocket,combo,224,224
cards\royaldelivery\original.png,royaldelivery,original,224,224
cards\royaldelivery\grayscale.png,royaldelivery,grayscale,224,224
cards\royaldelivery\bright.png,royaldelivery,bright,224,224
cards\royaldelivery\combo.png,royaldelivery,combo,224,224
cards\royalhogs\original.png,royalhogs,original,224,224
cards\royalhogs\grayscale.png,royalhogs,grayscale,224,224
cards\royalhogs\bright.png,royalhogs,bright,224,224
cards\royalhogs\combo.png,royalhogs,combo,224,224
cards\royalrecruits\original.png,royalrecruits,original,224,224
cards\royalrecruits\grayscale.png,royalrecruits,grayscale,224,224
cards\royalrecruits\bright.png,royalrecruits,bright,224,224
cards\royalrecruits\combo.png,royalrecruits,combo,224,224
cards\runegiant\original.png,runegiant,original,224,224
cards\runegiant\grayscale.png,runegiant,grayscale,224,224
cards\runegiant\bright.png,runegiant,bright,224,224
cards\runegiant\combo.png,runegiant,combo,224,224
cards\skarmy\original.png,skarmy,original,224,224
cards\skarmy\grayscale.png,skarmy,grayscale,224,224
cards\skarmy\bright.png,skarmy,bright,224,224
cards\skarmy\combo.png,skarmy,combo,224,224
cards\skeletondragons\original.png,skeletondragons,original,224,224
cards\skeletondragons\grayscale.png,skeletondragons,grayscale,224,224
cards\skeletondragons\bright.png,skeletondragons,bright,224,224
cards\skeletondragons\combo.png,skeletondragons,combo,224,224
cards\skeletonking\original.png,skeletonking,original,224,224
cards\skeletonking\grayscale.png,skeletonking,grayscale,224,224
cards\skeletonking\bright.png,skeletonking,bright,224,224
cards\skeletonking\combo.png,skeletonking,combo,224,224
cards\skellies\original.png,skellies,original,224,224
cards\skellies\grayscale.png,skellies,grayscale,224,224
cards\skellies\bright.png,skellies,bright,224,224
cards\skellies\combo.png,skellies,combo,224,224
cards\skellybarrel\original.png,skellybarrel,original,224,224
cards\skellybarrel\grayscale.png,skellybarrel,grayscale,224,224
cards\skellybarrel\bright.png,skellybarrel,bright,224,224
cards\skellybarrel\combo.png,skellybarrel,combo,224,224
cards\snowball\original.png,snowball,original,224,224
cards\snowball\grayscale.png,snowball,grayscale,224,224
cards\snowball\bright.png,snowball,bright,224,224
cards\snowball\combo.png,snowball,combo,224,224
cards\sparky\original.png,sparky,original,224,224
cards\sparky\grayscale.png,sparky,grayscale,224,224
cards\sparky\bright.png,sparky,bright,224,224
cards\sparky\combo.png,sparky,combo,224,224
cards\speargobs\original.png,speargobs,original,224,224
cards\speargobs\grayscale.png,speargobs,grayscale,224,224
cards\speargobs\bright.png,speargobs,bright,224,224
cards\speargobs\combo.png,speargobs,combo,224,224
cards\spiritempress\original.png,spiritempress,original,224,224
cards\spiritempress\grayscale.png,spiritempress,grayscale,224,224
cards\spiritempress\bright.png,spiritempress,bright,224,224
cards\spiritempress\combo.png,spiritempress,combo,224,224
cards\suspiciousbush\original.png,suspiciousbush,original,224,224
cards\suspiciousbush\grayscale.png,suspiciousbush,grayscale,224,224
cards\suspiciousbush\bright.png,suspiciousbush,bright,224,224
cards\suspiciousbush\combo.png,suspiciousbush,combo,224,224
cards\tesla\original.png,tesla,original,224,224
cards\tesla\grayscale.png,tesla,grayscale,224,224
cards\tesla\bright.png,tesla,bright,224,224
cards\tesla\combo.png,tesla,combo,224,224
cards\tombstone\original.png,tombstone,original,224,224
cards\tombstone\grayscale.png,tombstone,grayscale,224,224
cards\tombstone\bright.png,tombstone,bright,224,224
cards\tombstone\combo.png,tombstone,combo,224,224
cards\tornado\original.png,tornado,original,224,224
cards\tornado\grayscale.png,tornado,grayscale,224,224
cards\tornado\bright.png,tornado,bright,224,224
cards\tornado\combo.png,tornado,combo,224,224
cards\valk\original.png,valk,original,224,224
cards\valk\grayscale.png,valk,grayscale,224,224
cards\valk\bright.png,valk,bright,224,224
cards\valk\combo.png,valk,combo,224,224
cards\vines\original.png,vines,original,224,224
cards\vines\grayscale.png,vines,grayscale,224,224
cards\vines\bright.png,vines,bright,224,224
cards\vines\combo.png,vines,combo,224,224
cards\void\original.png,void,original,224,224
cards\void\grayscale.png,void,grayscale,224,224
cards\void\bright.png,void,bright,224,224
cards\void\combo.png,void,combo,224,224
cards\wallbreakers\original.png,wallbreakers,original,224,224
cards\wallbreakers\grayscale.png,wallbreakers,grayscale,224,224
cards\wallbreakers\bright.png,wallbreakers,bright,224,224
cards\wallbreakers\combo.png,wallbreakers,combo,224,224
cards\witch\original.png,witch,original,224,224
cards\witch\grayscale.png,witch,grayscale,224,224
cards\witch\bright.png,witch,bright,224,224
cards\witch\combo.png,witch,combo,224,224
cards\wiz\original.png,wiz,original,224,224
cards\wiz\grayscale.png,wiz,grayscale,224,224
cards\wiz\bright.png,wiz,bright,224,224
cards\wiz\combo.png,wiz,combo,224,224
cards\xbow\original.png,xbow,original,224,224
cards\xbow\grayscale.png,xbow,grayscale,224,224
cards\xbow\bright.png,xbow,bright,224,224
cards\xbow\combo.png,xbow,combo,224,224
cards\zap\original.png,zap,original,224,224
cards\zap\grayscale.png,zap,grayscale,224,224
cards\zap\bright.png,zap,bright,224,224
cards\zap\combo.png,zap,combo,224,224
cards\zappies\original.png,zappies,original,224,224
cards\zappies\grayscale.png,zappies,grayscale,224,224
cards\zappies\bright.png,zappies,bright,224,224
cards\zappies\combo.png,zappies,combo,224,224
